{
    "comp_list": ["CO2", "H2", "MeOH", "H2O", "CO", "CH4"],
    "unit":{
        "molar_mass": "kg/kmol",
        "IdealGasCp": "J/kmol.K",
        "vapor_viscosity": "Pa.s",
        "H0f": "J/kmol",
        "S0f": "J/kmol.K",
        "Kref_ads": "1/bar at 300 °C",
        "deltaHads": "kJ/mol"
    },
    "molar_mass":{
        "CO2": 44.01,
        "H2": 2.02,
        "MeOH": 32.04,
        "H2O": 18.02,
        "CO": 28.01,
        "CH4": 16.04
    },
    "IdealGasCp":{
        "CO2":{
            "C1": 29370,
            "C2": 34540,
            "C3": 1428,
            "C4": 26400,
            "C5": 588 
        },
        "H2":{
            "C1": 27617,
            "C2": 9560,
            "C3": 2466,
            "C4": 3760,
            "C5": 567.6
        },
        "MeOH":{
            "C1": 39252,
            "C2": 87900,
            "C3": 1916.5,
            "C4": 53654,
            "C5": 896.7
        },
        "H2O":{
            "C1": 33363,
            "C2": 26790,
            "C3": 2610.5,
            "C4": 8896,
            "C5": 1169
        },
        "CO":{
            "C1": 29108,
            "C2": 8773,
            "C3": 3085,
            "C4": 8455.3,
            "C5": 1538.2
        },
        "CH4":{
            "C1": 33298,
            "C2": 79933,
            "C3": 2086.9,
            "C4": 41602,
            "C5": 991.96
        } 
    },
    "vapor_viscosity":{
        "CO2":{
            "C1": 0.000002148,
            "C2": 0.46,
            "C3": 290,
            "C4": 0
        },
        "H2":{
            "C1": 0.0000001797,
            "C2": 0.685,
            "C3": -0.59,
            "C4": 140
        },
        "MeOH":{
            "C1": 0.00000030663,
            "C2": 0.69655,
            "C3": 205,
            "C4": 0
        },
        "H2O":{
            "C1": 0.000000017096,
            "C2": 1.1146,
            "C3": 0,
            "C4": 0
        },
        "CO":{
            "C1": 0.0000011127,
            "C2": 0.5338,
            "C3": 94.7,
            "C4": 0
        },
        "CH4":{
            "C1": 0.00000052546,
            "C2": 0.59006,
            "C3": 105.67,
            "C4": 0
        }
    },
    "H0f":{
        "CO2": -393510000,
        "H2": 0,
        "MeOH": -200940000,
        "H2O": -241814000,
        "CO": -110530000,
        "CH4": -74520000
    },
    "S0f":{
        "CO2": 213677,
        "H2": 130571,
        "MeOH": 239880,
        "H2O": 188724,
        "CO": 197556,
        "CH4": 186270
    },
    "Kref_ads": {
        "H2": 0.76,
        "CO2": 0.79
    },
    "deltaHads": {
        "H2": -12.5,
        "CO2": -25.9
    }
}